{"initial_reset_timestamp": 1542729048.7542012, "timestamps": [1542729048.756129, 1542729048.758065, 1542729048.759287, 1542729048.761833, 1542729048.763315, 1542729048.765593, 1542729048.767782, 1542729048.7703328, 1542729048.77215, 1542729048.7730129, 1542729048.774786, 1542729048.7759528, 1542729048.7773929, 1542729048.779192, 1542729048.7807128, 1542729048.783133, 1542729048.7841752, 1542729048.786914, 1542729048.7881548, 1542729048.788811, 1542729048.7898529, 1542729048.7912261, 1542729048.792923, 1542729048.7955651, 1542729048.797358, 1542729048.799663, 1542729048.803499, 1542729048.806077, 1542729048.811868, 1542729048.8141708, 1542729048.81695, 1542729048.819092, 1542729048.823998, 1542729048.825633, 1542729048.82744, 1542729048.829082, 1542729048.830584, 1542729048.833008, 1542729048.837939, 1542729048.8417878, 1542729048.843978, 1542729048.845342, 1542729048.846717, 1542729048.8480299, 1542729048.84939, 1542729048.852067, 1542729048.857901, 1542729048.860008, 1542729048.8630888, 1542729048.864875, 1542729048.8665988, 1542729048.868902, 1542729048.8710778, 1542729048.872187, 1542729048.875632, 1542729048.87805, 1542729048.880215, 1542729048.883765, 1542729048.8855119, 1542729048.8872929, 1542729048.890104, 1542729048.891965, 1542729048.894468, 1542729048.8960588, 1542729048.8972049, 1542729048.898978, 1542729048.90027, 1542729048.90171, 1542729048.904001, 1542729048.9064791, 1542729048.907821, 1542729048.910172, 1542729048.911785, 1542729048.913188, 1542729048.9140842, 1542729048.915918, 1542729048.918326, 1542729048.919637, 1542729048.921532, 1542729048.923468, 1542729048.9247591, 1542729048.925814, 1542729048.93009, 1542729048.9351292, 1542729048.9384441, 1542729048.9411998, 1542729048.9422421, 1542729048.9476411, 1542729048.951657, 1542729048.953053, 1542729048.95578, 1542729048.959085, 1542729048.961584, 1542729048.963702, 1542729048.9659362, 1542729048.968368, 1542729048.97138, 1542729048.974709, 1542729048.9784288, 1542729048.98239, 1542729048.983907, 1542729048.9863172, 1542729048.9883158, 1542729048.990284, 1542729048.994314, 1542729048.997188, 1542729049.000448, 1542729049.0086699, 1542729049.012448, 1542729049.0147588, 1542729049.01675, 1542729049.0198169, 1542729049.021796, 1542729049.025034, 1542729049.026531, 1542729049.0288482, 1542729049.030153, 1542729049.03295, 1542729049.035834, 1542729049.039209, 1542729049.0416288, 1542729049.0452101, 1542729049.047873, 1542729049.051014, 1542729049.0531259, 1542729049.0542872, 1542729049.057579, 1542729049.061835, 1542729049.0653539, 1542729049.0728629, 1542729049.076107, 1542729049.0777102, 1542729049.07956, 1542729049.0816069, 1542729049.084633, 1542729049.0867252, 1542729049.088404, 1542729049.089995, 1542729049.092293, 1542729049.095638, 1542729049.097524, 1542729049.099606, 1542729049.105122, 1542729049.112389, 1542729049.115413, 1542729049.117861, 1542729049.1201751, 1542729049.122209, 1542729049.123842, 1542729049.1261382, 1542729049.127875, 1542729049.1290271, 1542729049.131474, 1542729049.136447, 1542729049.1390688, 1542729049.140608, 1542729049.141578, 1542729049.144969, 1542729049.14739, 1542729049.148895, 1542729049.150836, 1542729049.153405, 1542729049.155189, 1542729049.156836, 1542729049.158495, 1542729049.1595929, 1542729049.162103, 1542729049.1641579, 1542729049.165791, 1542729049.1686242, 1542729049.170723, 1542729049.173404, 1542729049.1766489, 1542729049.178286, 1542729049.1797051, 1542729049.182983, 1542729049.184617, 1542729049.189194, 1542729049.1923032, 1542729049.195266, 1542729049.203468, 1542729049.2080991, 1542729049.209733, 1542729049.212409, 1542729049.217182, 1542729049.2231371, 1542729049.2258618, 1542729049.227977, 1542729049.231578, 1542729049.236813, 1542729049.240597, 1542729049.2440572, 1542729049.246367, 1542729049.247522, 1542729049.250185, 1542729049.2533062, 1542729049.2549582, 1542729049.258313, 1542729049.265418, 1542729049.272127, 1542729049.276305, 1542729049.278476, 1542729049.280695, 1542729049.284818, 1542729049.287159, 1542729049.290293, 1542729049.292659, 1542729049.296563, 1542729049.30019, 1542729049.3039548, 1542729049.3075259, 1542729049.312901, 1542729049.314678, 1542729049.316048, 1542729049.3177118, 1542729049.322377, 1542729049.325566, 1542729049.327984, 1542729049.330862, 1542729049.332969, 1542729049.33515, 1542729049.3380458, 1542729049.340811, 1542729049.3426712, 1542729049.345106, 1542729049.347083, 1542729049.350178, 1542729049.3560588, 1542729049.35887, 1542729049.3676548, 1542729049.3710191, 1542729049.372907, 1542729049.375154, 1542729049.378884, 1542729049.383722, 1542729049.390034, 1542729049.39216, 1542729049.394273, 1542729049.400241, 1542729049.4035861, 1542729049.407737, 1542729049.410174, 1542729049.412192, 1542729049.415481, 1542729049.4186912, 1542729049.421379, 1542729049.424403, 1542729049.427734, 1542729049.4312441, 1542729049.434148, 1542729049.4369211, 1542729049.4396858, 1542729049.44205, 1542729049.4457119, 1542729049.448056, 1542729049.452619, 1542729049.456673, 1542729049.4606552, 1542729049.464355, 1542729049.4672441, 1542729049.470526, 1542729049.4739048, 1542729049.4791229, 1542729049.481434, 1542729049.4841511, 1542729049.489397, 1542729049.4949288, 1542729049.496591, 1542729049.500326, 1542729049.502615, 1542729049.5067, 1542729049.510002, 1542729049.517698, 1542729049.522173, 1542729049.526017, 1542729049.5317278, 1542729049.53888, 1542729049.541208, 1542729049.542678, 1542729049.544759, 1542729049.548667, 1542729049.55125, 1542729049.554989, 1542729049.564123, 1542729049.570005, 1542729049.571839, 1542729049.5752761, 1542729049.577645, 1542729049.582687, 1542729049.586664, 1542729049.588854, 1542729049.591379, 1542729049.593486, 1542729049.5978692, 1542729049.602389, 1542729049.609055, 1542729049.612266, 1542729049.6151528, 1542729049.617162, 1542729049.620815, 1542729049.6261508, 1542729049.640285, 1542729049.65094, 1542729049.658499, 1542729049.66224, 1542729049.6653419, 1542729049.668677, 1542729049.672072, 1542729049.675621, 1542729049.678313, 1542729049.679805, 1542729049.681549, 1542729049.68519, 1542729049.6908102, 1542729049.699519, 1542729049.707638, 1542729049.714667, 1542729049.719017, 1542729049.721807, 1542729049.725554, 1542729049.72913, 1542729049.73339, 1542729049.7359822, 1542729049.740365, 1542729049.746423, 1542729049.74858, 1542729049.752151, 1542729049.755297, 1542729049.758722, 1542729049.761635, 1542729049.767052, 1542729049.774681, 1542729049.782159, 1542729049.785789, 1542729049.791724, 1542729049.800023, 1542729049.807895, 1542729049.811605, 1542729049.8144178, 1542729049.822363, 1542729049.829692, 1542729049.8318899, 1542729049.8345962, 1542729049.838471, 1542729049.842591, 1542729049.844131, 1542729049.85026, 1542729049.8538618, 1542729049.856837, 1542729049.8610728, 1542729049.866213, 1542729049.87077, 1542729049.876982, 1542729049.881047, 1542729049.885744, 1542729049.89264, 1542729049.896461, 1542729049.900183, 1542729049.907744, 1542729049.915123, 1542729049.92156, 1542729049.9242618, 1542729049.931623, 1542729049.9439008, 1542729049.951509, 1542729049.956552, 1542729049.96311, 1542729049.9668438, 1542729049.969928, 1542729049.979202, 1542729049.986977, 1542729049.9903638, 1542729049.9934368, 1542729050.000473, 1542729050.0037591, 1542729050.006925, 1542729050.015551, 1542729050.0205162, 1542729050.026552, 1542729050.032556, 1542729050.037144, 1542729050.041982, 1542729050.04605, 1542729050.0490649, 1542729050.06271, 1542729050.068758, 1542729050.0759199, 1542729050.0796769, 1542729050.086686, 1542729050.0897632, 1542729050.095244, 1542729050.10341, 1542729050.108164, 1542729050.111849, 1542729050.122955, 1542729050.127419, 1542729050.1302001, 1542729050.133398, 1542729050.141002, 1542729050.149823, 1542729050.154667, 1542729050.163147, 1542729050.172179, 1542729050.180369, 1542729050.183856, 1542729050.186477, 1542729050.191811, 1542729050.194657, 1542729050.2028549, 1542729050.2094452, 1542729050.214388, 1542729050.220482, 1542729050.229774, 1542729050.237936, 